{"cameraMode":{"drawMode":0,"name":"Shaded","section":"Shading Mode"},"sceneLighting":true,"audioPlay":false,"sceneViewState":{"showFog":true,"showMaterialUpdate":false,"showSkybox":true,"showFlares":true,"showImageEffects":true,"showParticleSystems":true},"in2DMode":false,"pivot":{"x":3.8234851360321047,"y":2.185873031616211,"z":0.9742248058319092},"rotation":{"x":-0.06679205596446991,"y":-0.5878530740737915,"z":0.048791490495204929,"w":-0.8047287464141846},"size":10.0,"orthographic":false}